,name,youtube_code,clean,dirty,ability
0,박닝겐,/channel/UCtG4WVb1P38zdKG8HXP4scQ,2.788374695228413e-05,0.999723732471466,0.15060888975858688
1,Xbox,/channel/UCjBp_7RuDBUYbd1LegWEJ8g,0.0,0.0,0.0015141918109013994
2,Lime Tube[라임튜브],/channel/UCxutPqfWSdYqaK8_tlc5PBA,0.9997712969779968,0.00018963185721077025,1.0073184967041016e-05
3,ToyFamily,/channel/UCxLOTgnqpSqQp_kMPlb7PWw,0.0,0.0,0.00028660893440257684
4,도티 TV,/channel/UChQ-VMvdGrYZxviQVMTJOHg,0.4282315852807577,0.5677939214593997,0.0026356418927510057
5,감스트GAMST,/channel/UCbFzvzDu17eDZ3RIeaLRswQ,0.4998096801173234,0.5001269260974368,0.0005898550152779737
6,잠뜰 TV,/channel/UCg7rkxrTnIhiHEpXY1ec9NA,0.2414553493126732,0.7584736440330744,0.00016791170293639637
7,LsCraft,/channel/UC4Qw1uE9kwUI4cCAx9HZtxw,0.0,0.0,3.272294998157843e-05
8,악동 김블루,/channel/UCNzcxCN_Hh_lu5RCSFXKgGQ,0.010310272907493829,0.9896818598111472,0.0526981824811964
9,대도서관TV (buzzbean11),/channel/UCSHVH_AWVUc-C8-D8mh8W6A,0.0003469256953394506,0.9946081936359406,0.002826874596732032
10,양띵 유튜브,/channel/UCYooECrv-fIXlPaDwEIaveA,0.1294710620185242,0.8689175862382399,0.028197639163524364
11,김재원의 즐거운 세상,/channel/UCta_NRwnsUaew0t3VNxBNyg,0.0,0.0,-1.0
12,뜨뜨뜨뜨,/channel/UCHxKSivB6JLZ1SEMdxd1fAg,0.0002128215819539037,0.992150217294693,0.5481043603391527
13,Edu car toy school,/channel/UC3dt8G_iIiZXijtaaLgo1HA,0.18556026928126806,0.7989399234453837,0.0009994804859158046
14,태경 TV,/channel/UCEPuItFWOOJ2o5hTu65NlEg,6.649660326729644e-05,0.9999277591705322,0.15403622226627844
15,T1 Faker,/channel/UCpJw2H9KKqwCCGQKRh1Bf2w,0.4998322659371297,0.5001228454348166,0.4285935917478128
16,악어 유튜브,/channel/UCQJuZxeDv2P05YHcC-tIEVQ,2.0655484452921275e-05,0.9999520778656006,0.045738432123774375
17,캐릭온 TV,/channel/UCyn_E0ZE8RNOnYnF3lVaCOQ,0.0,0.0,1.4305114745982728e-05
18,우주하마,/channel/UC2NFRq9s2neD_Ml0tPhNC2Q,0.003098044786687145,0.9742838243643442,0.2304166236478977
19,테스터훈 TesterHoon,/channel/UCUbOogiD-4PKDqaJfSOTC0g,0.44966873950806985,0.5075315269641578,8.174089285040154e-05
20,우왁굳의 게임방송,/channel/UCBkyj16n2snkRg1BAzpovXQ,0.0,0.0,0.00023446977138519287
21,릴카,/channel/UC48NSSfUBsmL0k0wKxSqRkw,0.0,0.0,-1.0
22,Dino Box Jurassic park,/channel/UCR3rHpatQ69g1uiGfGp60rw,2.2350389372149948e-05,0.9689220786094666,0.11807959140705038
23,만두민 ManDooMiN,/channel/UC3DYSay178fMMPaf3zHwECA,0.00023856326879467807,0.9997584223747252,0.013290975775037572
24,킴성태TV,/channel/UCAaLhok91QDrweyuDRsmjqQ,8.124277792376233e-05,0.9995485246181488,0.3606531841907781
25,겜브링 GGAM BRING,/channel/UCSOeJWyByeoBHpmrm0NnlLw,0.0,0.0,0.22371603697538375
26,유정호tv,/channel/UCWCKqaOsUJ0OzjC01ATQmPA,0.3328520968645232,0.6671103355717302,0.03557679057121277
27,혜안,/channel/UC8CIM3d3zDYMk-3T5aAz0yw,0.0,0.0,0.034900557994842374
28,MariAndColors,/channel/UCdvO5cIFPdFDhXDzs1WrbZw,3.9236364803703815e-05,0.9999555349349976,0.006481149366923789
29,쁘허,/channel/UCtCnnCUn9IDDQRU9_04JD3g,4.368197278381558e-05,0.9999456008275353,0.09195305921457476
30,기리TV,/channel/UCEcuyrAqhRVUmRdOd6FGKSw,2.6364976292825304e-05,0.9981916546821594,0.4486265275878395
31,테드TV,/channel/UC5pbeFWTPAUdKu65kBROsBg,8.034889469854534e-05,0.9999172687530518,0.2502248768382742
32,makeUmove,/channel/UCc0_4m8a-YtBHEcYwjEnbxw,0.0,0.0,0.3326339176079879
33,텔론,/channel/UCl4nBkmJCDs6RR8uWldAqLA,0.0,0.0,0.1667108250209518
34,램램TV,/channel/UCHdsNK3SJi7tI85f4XPy7zA,1.4922926311555786e-05,0.9999662240346272,5.706027150165216e-05
35,마재TV,/channel/UC7uKMg7lPdCp4Nm1tLesihQ,1.5595829609083015e-05,0.9999802112579346,1.4464060465568808e-05
36,군림보,/channel/UCN5oT4zGJX-_H6pE5isAEeg,0.2194772874040104,0.7797525763097737,0.20554742129175085
37,연다,/channel/UCZcD2iYy55-SkEbv3tcMZrg,0.1440639628978845,0.7300745482623044,0.1296888439070849
38,울산큰고래 박성주,/channel/UCIchCOLwLBMD87quHlNuXjQ,0.006373328701859768,0.8946926593780518,0.002491613229115841
39,머독방송,/channel/UC-Zedn7a_RJyb5hUQ-aGZog,0.2476326536082069,0.7517143174773082,0.013272367141865192
40,잉여맨 유튜브,/channel/UCeG0ONJtjwE20ThR5iSYdsA,1.8841923520085402e-05,0.9999760389328004,0.013354967037836785
41,Toycoo 토이쿠,/channel/UCHCkaI_DQoU7Tgg4CsBN5Bw,0.0,0.0,-1.0
42,침착맨,/channel/UCUj6rrhMTR9pipbAWBAMvUQ,2.717241598778249e-05,0.9999156991640726,0.11169650197350878
43,Lone Dragon,/channel/UC62pL2GZUeMx-gSzQmnB6gw,0.0,0.0,0.6007501471820952
44,괴물쥐 유튜브,/channel/UCDBAVzfX3yZ1hah0FHnOoaA,8.656593005677375e-05,0.9998893439769744,0.09152417977911677
45,개리형,/channel/UCRpdlPk671uOMiBtf5HtB3Q,0.007910160347819328,0.9920225143432616,0.37264637780344856
46,압둘알리과로사,/channel/UC31ypOxFsuU3Q0OFpQzcQ3g,0.4991202627879829,0.500825063965749,9.890794754041644e-05
47,돼지저금통,/channel/UCEVnzHZkNMG-XFUGomZ24cg,0.5084235388785601,0.4903632606146857,0.12532427420343373
48,김왼팔,/channel/UCPI40-XQA9-GBGj2k8PPqfg,0.0,0.0,1.928806304918318e-05
49,Cowsep,/channel/UCgzC7SsCYSfGrVWoHQS5W8A,0.0,0.0,0.9888897043110774
50,눈언YT,/channel/UCt1dxdedblLX2PsSFFK0Hzw,0.0,0.0,-1.0
51,스페셜솔져 - 모바일FPS,/channel/UCU8zFvUOoHYB3DY5cKIiSKQ,5.418480941443704e-05,0.8723732829093933,0.156195656406523
52,T1,/channel/UCJprx3bX49vNl6Bcw01Cwfg,0.0,0.0,-1.0
53,문호준,/channel/UCeivPjjK9-cdj8-gw4-7JRg,0.0002363509638598771,0.9325992862383524,0.7574401726194135
54,강 지,/channel/UCIVFv8AiQLqM9oLHTixrNYw,0.07379045820298416,0.8900465674698352,0.115993102446581
55,탁주 TV,/channel/UC7nVGqibbYgrzh733LDffNQ,0.0,0.0,0.0010818839073180042
56,유키 YOUKI,/channel/UCidO_j4TWaTvUiid2WffuqA,0.4906135495984928,0.5037052766419947,0.3754664424704971
57,GCL 지씨엘,/channel/UCLuDznROytXtnMSDwo5aGJQ,0.000530440709553659,0.9992669224739076,0.08052865276113164
58,헬로[HELLO],/channel/UCsR07Y3qMhf_oKxit4xLoHg,0.0,0.0,0.0875397884523812
59,저라뎃 JUSTLIKETHAT,/channel/UC1dG3vI9FfHnH3YgyeKUz_A,0.001532635433068208,0.9984582662582396,0.42506204163003
60,코아 TV,/channel/UCdmPH-DTjL52x5K3lRvHYQw,0.0,0.0,0.00019074231386184687
61,로이조 TV,/channel/UCLJs55bZWMsCBPekt3vssoQ,1.5840562127777954e-05,0.9999790787696838,0.07674967914891362
62,유소나,/channel/UCxeWKVovE_mKNRCwAlpL87A,1.4224233382265085e-05,0.999980926513672,0.0023498088121414185
63,삼식,/channel/UCMOOio1GZ50OeJT58DGBQCA,1.0389678209321573e-05,0.9999439716339112,0.0022731806550707607
64,TV대정령,/channel/UCHsK9gl5aU0F3umrU4Zn_sA,0.0011674150787257533,0.8779786378145218,9.78946685792348e-05
65,수탉,/channel/UCw-JzmPsjRcbzJLncr4pIIA,1.495214928581845e-05,0.9999802112579346,0.17062428147619355
66,퀸톨 TV,/channel/UCiwOunGuqfKjcLIBsteAAJQ,0.9995684027671814,0.000409051775932312,0.0002051537687127736
67,퍼런안경_BLAS,/channel/UCSQkftbg2z4kz4NNBVs6CIQ,0.001909092185087502,0.9820958375930786,0.19874072214588526
68,Partition Zion,/channel/UCn_9mH91rLWez9SZ6AdjfYg,0.0,0.0,0.25109756877009193
69,형독방송,/channel/UCJDEss5wA1ddrCBC40giO8A,0.00011037337753805328,0.9998851716518402,0.04676769399818359
70,서넹,/channel/UCylzl5EMsHKCMeUe2TLKLKA,0.003396762488591776,0.9963741898536682,0.004158914089202771
71,Official Dopa,/channel/UCt15X5eHLwyP8PpNtQTkuDQ,0.0005975683528959054,0.9982641458511352,0.6316520999184592
72,GreatMoonAroma 대월향,/channel/UCWL_9MaaMy8ObTDPmVHemjA,0.0,0.0,0.08806134624914685
73,LCK,/channel/UCw1DsweY9b2AKGjV4kGJP1A,1.0907587087179612e-05,0.9849623044331868,0.5645400405840064
74,신비아파트 공식채널 - The Haunted House,/channel/UCoHsxU1eDWHom6D7Fce6kLA,0.4989780346368207,0.4974355952581391,3.4539138569544825e-05
75,김성회의 G식백과,/channel/UCZ0bi2aVJngKLwFTU5g_fLQ,0.12962756863737465,0.8693896349577699,0.08346083285944883
76,꿀탱탱,/channel/UCAJAJ9bAvfjFLRrsqeumJIA,8.359250568901186e-05,0.9994333982467652,0.5911380370536271
77,밍모,/channel/UCgjaQlejpAnIu0q-xtVfTEw,1.1343112419126555e-05,0.999980092048645,2.117951711022581e-05
78,Clevr TV [클레버티비],/channel/UCnMBn-PNx1M9TLF0s-sEDeQ,0.0,0.0,0.00011387467384338379
79,프레이 TV,/channel/UCSzHok6X5qXEO7cjvVnE62g,0.0,0.0,0.6711753473968698
80,똘킹,/channel/UCnQRkIhRmXrxGrK4-8n-lVw,6.239292512570198e-05,0.8879092534383138,0.002392397685484382
81,JUNE,/channel/UCL_IvtOZo6sONpiydbzzHpA,1.7962876881938428e-05,0.9999779462814332,0.2282058613116253
82,진호,/channel/UCXZaTqDKXHmNfKZ1ywhxe0w,0.7138677835464478,0.025738200172781944,0.250020180434376
83,OGN,/channel/UCKDkGnyeib7mcU7LdD3x0jQ,0.00047635945975343935,0.9784778157869974,0.06005340062384845
84,글자네 YouTube,/channel/UCb5NLtXAsTBrmaZVhyFa-Wg,0.0001483166188336327,0.9932640567421912,0.40545824452125934
85,백크 Baekk,/channel/UCugNO83_V7xZLzCsjpABGeg,1.8954936422233004e-05,0.977459987004598,0.26942235526953684
86,비누TV,/channel/UCbLispC1ydHSC_69kjZI6hw,0.001243134424839809,0.8957174122333527,0.10012649913915084
87,주키니TV,/channel/UCZ-UuK86Bk5sGzQQ2cEglJQ,1.6233636415563524e-05,0.999944806098938,0.00015002489089954718
88,빅헤드,/channel/UCAJ-meoCh1TrPZ7La3UpPrw,0.4958639372089237,0.5041211019270122,0.3635720863415124
89,자몽티비,/channel/UCHsNxA14lzqnrm0mW7GQIXA,0.0,0.0,0.3997912394748709
90,김희철 KimHeeChul,/channel/UCldBBBC3KowWN7ScJRQlZyg,0.14218222452252252,0.8560491534881294,0.2480932776853706
91,쵸쵸우,/channel/UCzoP3s16B9hP7f_qIc6DReQ,0.0,0.0,1.557668050122807e-05
92,두치와뿌꾸,/channel/UCl402YYy7RcH7PBI3npmGPQ,0.0,0.0,0.11543595688754073
93,각별,/channel/UCDrAR1OWC2MD4s0JLetN0MA,2.6767316740006212e-05,0.9999697208404541,0.0003990994559394112
94,Game Land,/channel/UCdkCeGJ9G9Y5N0SReSPo5Tw,0.0,0.0,-1.0
95,루태TV,/channel/UCzPLwuw2vJgxtEQk2nM4TVg,0.0,0.0,0.007000945116344415
96,방앗간 비둘기,/channel/UC1MO5uem_t8lRgvIBF9u83w,0.4900706662883749,0.5098694404587151,8.273124694757605e-06
97,롤큐 LOLQ,/channel/UCa-IaOPw5r1oQ4vuf3QjEPA,0.0,0.0,0.0017338544130324207
98,Today on the Korean Server,/channel/UC65ZDJCYI1dwzj48XIeuOBA,0.0,0.0,-1.0
99,견자희 스튜디오,/channel/UCBvkQFBskQR9NeOoDYR8ckA,0.0003497178204270313,0.9996385773022972,3.498442032756621e-05
100,이석현,/channel/UCVZI7eLie2UlZph6aiBRNrw,0.0,0.0,-1.0
101,마플 마인크래프트 채널,/channel/UC1q4Ihlv_YhLELw-ijE0Diw,0.3284038512259333,0.6685446770861745,0.05039252546484918
102,썩쏘TV,/channel/UCp77saYy1V_F3dld7GfJrcg,0.0,0.0,1.8763542175226355e-05
103,이설 Leeseol,/channel/UCHqvLC2ilL2M4_SpoFiWtuQ,0.00014613336770707977,0.9998488128185272,0.19992254580138247
104,3D운전교실,/channel/UClsIn5fbUo2pSJN_3lhnDag,8.708324457984418e-05,0.9998980760574341,0.10185628402120384
105,휴지,/channel/UCj1dw4G9v09OLXIxiL_VUEA,0.0001958907555490441,0.999355971813202,0.08496941802695801
106,탬탬버린,/channel/UCCA8UWUW80iHqK9ymdjRwPg,0.4334057456557771,0.5410536557425406,0.0014373682163379975
107,풍월량,/channel/UCyHvSKT_bLDYpkv1JjjsLAg,0.8629128197146201,0.1339359693636652,1.6063451767189815e-05
108,재민TV,/channel/UCfnMSbA2Bfi4cnuuN2pa0HA,9.095258454700732e-05,0.9986619779041837,0.09330639536619856
109,닥터파이어,/channel/UCUsrcN6Vtqr05ibbow_rnBw,6.818869587732479e-05,0.9999192953109741,0.00029907226562497785
110,임선비,/channel/UCC4QcwDnXG5poPg__kD4YmQ,0.014931193116960154,0.9814923803011576,0.092639670744878
111,핑맨,/channel/UConOmISJY0oZHRhWGyvdQ2A,0.5203709006309509,0.14563825726509094,0.13373178436146793
112,희바HEEBA,/channel/UCrLxiPkgUEEnItqryMFVG2g,1.6604544271103805e-05,0.9999778866767884,0.16694585575199494
113,오버워치,/channel/UC-2wa6jvprl7hfCpvw0ULzg,0.0,0.0,0.3755010927389203
114,김계정,/channel/UCM9m5BHwm-lU7tK07co3ClA,1.7604026652406898e-05,0.9999780654907228,0.00021919111410761968
115,옥냥이 RoofTopCAT,/channel/UCcdlIcleb4oIK6of1ugSJ7w,0.33336031387716497,0.6662153634339727,0.00019302538463039642
116,투보,/channel/UCTSaxXnhUcrhv984bVpDr6Q,0.004284228573699996,0.9894238213698068,0.06678630222377235
117,늪지대에서 생긴 일,/channel/UC2uID-rcbLMi3RxZmZtwSZg,2.0655484452921275e-05,0.9999520778656006,0.045738432123774375
118,League of Legends - Korea,/channel/UCooLkG0FfrkPBQsSuC95L6w,0.0,0.0,0.14085554022499958
119,차도르,/channel/UCtj_00nn_viF6wJNeqgpEiA,0.0,0.0,9.357929229625308e-06
120,멋사유튜브,/channel/UCIhfL5TX-FODmWcX2k1uWHg,0.03539727908355417,0.9638078957796096,1.2142317635577273e-05
121,눈꽃,/channel/UCnxOGZwppMFnMYS-eUJtwXw,5.8477693073655246e-05,0.9998974800109864,0.14714311776991118
122,개구릿대,/channel/UCR0aLp4aIvxS07g6rGWZr_g,5.842863356519956e-05,0.9999085664749146,0.2992501071210427
123,팡이요,/channel/UCUR5w0E-jQTOO8Q0FZ4ilYQ,0.004027413512631028,0.9607485979795456,0.11255131770740268
124,모아요,/channel/UCtJpqaQ0XAmX5uYZ48crOdQ,0.0,0.0,4.215637842819309e-05
125,San E,/channel/UCrhgVHA_uAiT9BoGV9qRKvg,1.5118748056660739e-05,0.999979853630066,0.23814096609755694
126,앰비션 유튜브 [AMTUBE],/channel/UCHYMpkGhNIr8A0m2H3lIjUA,0.0,0.0,-1.0
127,찬이TV,/channel/UCt51IEo3ZxxOysVAG_ylR6w,0.0,0.0,0.1359601199626923
128,뽁구BBokTV,/channel/UCO5bdxKgKczSpjFbfsGykmA,0.17480106648908986,0.8251515239477157,0.3529891679034549
129,야옹해 바바 Miaow baba,/channel/UClSuqiIAACDUJrH3gb4JcLQ,3.446089249337092e-05,0.9824376702308656,1.3494491577170642e-05
130,꽃핀,/channel/UC2MgNh831KCMuYkK7u8C2dg,1.4496514722850408e-05,0.9999700784683228,6.193584865998858e-05
131,가브리엘,/channel/UC2FDVyrQnjoZCUyk9fmqd9g,2.776999599518604e-05,0.9998617589473724,0.2898169944649083
132,배틀그라운드 모바일 - PUBG MOBILE,/channel/UCXVVG5ZM3SJJCh94xatR8Dg,0.0,0.0,0.20521976306724052
133,[꿀템TV] 클템 유튜브,/channel/UCvrxJgD0T_TFvgsO2nA-fDQ,0.0,0.0,-1.0
134,초깨비의노래워치,/channel/UCZnrdNaOFqniv7qEEqQFvIg,0.0,0.0,0.009620177745819249
135,튜브김민교,/channel/UCBA9XaL5wCdHnC5EmEzwrqw,0.0,0.0,0.291643078074313
136,해물파전TV,/channel/UCqIwPYLfMd3EoWYwvyTjPnA,0.9977873861789704,0.001426541799446568,0.330382063585024
137,김레인,/channel/UCj9LQu5-mfrf6imcyrnZfug,0.00023768573146298882,0.9970866342385608,0.02155624203225404
138,범석TV,/channel/UCz1Gc37nWsdF_jbJ_SvMl4g,0.9958563446998596,0.00393577991053462,1.887480417883669e-05
139,HeopopGames 허팝게임,/channel/UCobtktl5cCEYuAKLSY0vc2w,0.3331365249690255,0.6668185952003114,7.163882255556421e-05
140,공룡,/channel/UCWf4QKgnTyvmehcRqw-JldQ,0.0,0.0,0.3598654190170999
141,장덕대 초심찾는 채널,/channel/UC75lZzaXiCn0EYTwg9MB5vg,1.4160832506604493e-05,0.9999721050262452,1.0967254638560853e-05
142,롤박사 해도리,/channel/UCCMQyaKDjQJY79VimTdaYYQ,0.0,0.0,7.795294125878538e-05
143,프로관전러 P.S,/channel/UCqI5lyTpC79pOy2D-VXAMdA,0.0,0.0,0.08002955010250358
144,이상호,/channel/UCfIUuMA7U_jImP7oWfTe4Pw,0.0030865424778312445,0.993504524230957,0.09520647426446284
145,Core-A Gaming,/channel/UCT7njg__VOy3n-SvXemDHvg,0.0,0.0,0.14320399029254194
146,푸린,/channel/UC7bcRlidTERRb_MKRHPVSnw,0.0,0.0,0.36368466543965694
147,TEAM UNIVERSE,/channel/UCDRtZhASdfRnyhae7s-UemA,0.0,0.0,0.0004446009794871753
148,이태준,/channel/UC5gp0nGTdJ56YKzI40v0cRg,0.0002130857437805389,0.9078222513198853,0.31902553226631003
149,YOU TUBE공갈,/channel/UCJ7PxHj3J_YeH1N2spjR6NQ,0.2332151104906188,0.7275617476552725,6.248269762321179e-05
150,동동 TV,/channel/UCmP6N0_CMbMUYwQRaPoFyng,5.085904194856994e-05,0.9999439120292664,0.001827038824558369
151,미라클TV,/channel/UCLHwMFguUxHVSk91vzicEJw,0.5007764876354486,0.3093877087812871,0.4658373911357999
152,하창봉,/channel/UCilYpdgaNbW8x8_E83vomNw,1.0746196494437752e-05,0.9999454418818156,0.16048388171391426
153,Summoners War Esports,/channel/UCy5CDpZBPxd9O20BnIt8YWg,0.0,0.0,-1.0
154,성시훈 유튜브,/channel/UCQgu0whGhuJ2Hr8u6htgxxw,0.4998199437241056,0.5001505121181253,0.00012090206146242456
155,서새봄,/channel/UCYtNOIg99pgGcrE4Uo44OdQ,0.012697973077592906,0.8358844220638275,5.862116813659668e-05
156,Loud G,/channel/UCYP2aGg8h_9JHqNQBHNKp7w,1.0083538654725999e-05,0.9999617338180542,3.935769200325012e-05
157,빅윈TV,/channel/UCbt557PsOnMaspiSUjuSVVw,0.0003817873124110823,0.9984783728917441,0.12132028808843065
158,미라지,/channel/UC73j3rtkjb3qCvC7XZidzmw,3.901127972009514e-05,0.9999391237894694,0.29232704222128325
159,빅민 GAME,/channel/UC2WbWQ3tQNeCRyXBsAeqWhw,0.0,0.0,0.00013862053553259646
160,발__젭,/channel/UCQ9eDVhFn_jq7eTpjf21ouA,0.9969148635864258,0.0029789651744067678,0.2497162212644071
161,도로시Games,/channel/UCulur1hLC2ca8oJn0xt9ojA,0.0,0.0,0.04976123571395885
162,아려랑,/channel/UCFMzJRPsLOL17lwxN_MdcnA,0.000183306643521064,0.9685651361942292,0.00010064244270324708
163,플레르TV,/channel/UCwiCv-ym6TQhMWhN23jVQkA,0.0,0.0,0.002701838811238644
164,랩해도돼?RAPTUBE,/channel/UC13r2XVC5h3unwWgo25puAw,0.0,0.0,-1.0
165,MadLife TV,/channel/UCj1RW5MrOLh_VrX3yHF_yow,5.439503888737818e-05,0.9149502068758012,0.5500805845453671
166,만만,/channel/UCRY0vKmqFmQ4XCJomWMBf-w,2.035610486927908e-05,0.9999757409095764,0.14275645191914266
167,딕스Dix,/channel/UCOtcE3XmueVr78j8RCnr1QQ,0.00012981292301057174,0.9998404128210884,0.00010286136106996137
168,바이준 BYJUN,/channel/UC3htcPlye6noa3pAgegT2AQ,0.0,0.0,0.20366861655825885
169,청원이,/channel/UCCs1YZHxUTIbLZd-xrvvMCw,0.0,0.0,6.712334496639105e-05
170,YT Apple,/channel/UCmcd3r7AsHjm3deMgx1ZPiw,0.5003650353173725,0.4991771923814667,0.04373815407355641
171,Ras Apex,/channel/UCkiCNZ6c5Th3NpL2U8IhUWw,0.0007056793896481395,0.9985281348228454,0.3871850954993451
172,주둥이방송,/channel/UC9ta639M37zzWKwo7kKc80A,0.0002884197165258229,0.9973672032356262,9.34600830082566e-06
173,GH'S,/channel/UCdrBnBNLsN4_cH32HWbr9qg,0.0,0.0,0.36940059526241387
174,클래시 로얄,/channel/UCgT2gPsXQ0jqb3poL5wN31Q,0.00015107354556676,0.9998083710670472,0.05110631205818883
175,김진솔,/channel/UC2qm7lVDDnGuvNj6D9jHFkA,0.0,0.0,0.3764470912192337
176,걸뽀girlbbo,/channel/UC_VOIxjBN_WIPKxpPs1omZQ,0.5608847737312317,0.04330045357346535,0.2933647271729569
177,흑운장TV [BLACKTUBE],/channel/UCdtV_sB8WUWo-P_q3OwNfcw,1.534878356324043e-05,0.9999802112579346,0.3334938799199941
178,옴므,/channel/UCSWMuYooxYPorJSumJbLzCQ,0.025807095087657213,0.9701837003231047,0.16511427373302467
179,쉐어TV,/channel/UCb0eyf03Jz8Q5j2q65TzCoA,0.6657524570637179,0.3339787869869421,0.037836530804634005
180,양아지,/channel/UCmMxEFwIOMGGoThkmtZZOvQ,0.4998355991956487,0.5001548434811411,0.003183531133752027
181,비콘 TV,/channel/UCT_Sf9z6Cqy11VHOfbnQPNQ,0.0,0.0,0.2503414981183596
182,인피쉰,/channel/UC-okJdotaXPlzivRzHFqzuA,0.4997723543115171,0.5000902122774278,0.4286344681485763
183,TheRankings,/channel/UCv0Fm-Ge7D_zmN9Gw9x2cMA,0.12636616230361142,0.7918501789390575,0.1590625774129769
184,홍방장,/channel/UCHxrU6bjWrnBfmReUAeztcw,2.2422787272565376e-05,0.9999683698018392,0.0004538893699645996
185,다주,/channel/UCawY6uW94r1JcBuOTqHDfow,0.0,0.0,9.610917833124956e-05
186,떡호떡,/channel/UCqMixH4Cc7CdySihHG4kkIA,0.4982075746520422,0.5017228063661605,0.07705946569331001
187,버섯도리,/channel/UCYhUJGAH6HhOUJokzRupkpQ,0.0,0.0,2.6047229766845707e-05
188,채널 명예훈장,/channel/UCs0LzOveQMLImmmTrMmP2sg,0.0004189569153822959,0.9987127780914308,0.6428807319814172
189,Landing TV,/channel/UCkwRQReFyYUHzPqGk5vO7Tg,0.1911727902986513,0.7683237418532372,0.19629071503883702
190,클래시 오브 클랜,/channel/UCORzNUvBtd0j_wraSf88Y4w,0.0,0.0,0.3873797685737373
191,군필여고생 후추,/channel/UCscL0E82anT7mtoQjJTV6Mg,0.00014550375544786218,0.9997000098228456,0.00019844770431520772
192,에렌디라,/channel/UC6xWZn2suKPqAQkidOiMeHg,0.0,0.0,0.2239534519612789
193,Project LOL,/channel/UC5WxymH7e2H_SGjJyvTb-iA,0.07720680706930019,0.9039971724985384,0.20997090498430127
194,나라카일,/channel/UCdMevbThDzHEbiqu0MhyfAQ,3.7762218198622584e-05,0.9998911470174788,0.5095231948443446
195,MariAndGames,/channel/UCFt6SlUqvKDCwva8nzTBXUQ,0.0,0.0,-1.0
196,콩콩이다,/channel/UCzjEp3u8RMkOJwpc3RzxmWg,1.4703124179504813e-05,0.9999812841415404,0.2297109625570346
197,운학 TV,/channel/UChbSCzDSKP_m4V5aEX1bmCA,0.0,0.0,0.06627604365348816
198,유혜디,/channel/UCMBbYvXl8iHmtdtlkXt0yYA,0.2308261360813049,0.6043979028860728,0.13420419842077536
199,거눈 GONOON,/channel/UCSGi7jxv1fqTx9hYI_lrGdg,0.0,0.0,0.20366861655825885
200,꽃영,/channel/UC8rDleR669f72Sha9PQK11A,2.0577637769747525e-05,0.9999713897705078,9.715557098388672e-06
201,하승진,/channel/UCINRJxfiq8pXfQm1EucWFfw,0.0,0.0,0.7987287862189987
202,준등,/channel/UCcgCkpS7T7yXztF30hzy8DQ,7.083224909365526e-05,0.917193129658699,0.00011672079563140869
203,집마 홀릭,/channel/UCmZeuRfHYowZhf6odtoaNdg,0.0,0.0,1.0907649993785464e-05
204,지덥,/channel/UCQBl5ytG10Y_tnWe__8kUJw,0.0,0.0,0.0003931224346159778
205,랄로,/channel/UCD2YO_A_PVMgMDN9jpRrpVA,7.68525357367859e-05,0.9687933623790741,0.1818920804494568
206,도애니 DO animation,/channel/UCqgxGebwwkoldbl3h7UoUiQ,0.0,0.0,0.0022094011306762478
207,이영호FlaSh,/channel/UC4TDU9SEVB0EgslnTI2O9IQ,9.130025652363356e-05,0.8876653114954629,0.4936573317398904
208,쫀득TV,/channel/UCmCNgLHdknmCdQelpwxQvvg,0.0009922966128215194,0.9989964365959167,0.0023582908842300077
209,YouTube지누,/channel/UCJGww2K__Q3y-MtDi0XWH2w,1.4696011021442246e-05,0.999948501586914,0.0010423792733086355
210,ZealsAmbitions,/channel/UCpDcj6E73QeFkmqk7gH5wxA,0.0,0.0,-1.0
211,플레임TV,/channel/UCDLDbittWhk2KXvaCT0YpZQ,8.497413182340097e-05,0.9929181933403016,0.040450940529505375
212,팍플레이Pacplay,/channel/UCZecnuVvQnBCoopyobFdDZg,0.0,0.0,0.0005535930395126343
213,GOIS,/channel/UCEIzrF00OYA8B-WqAN5vUmg,0.0,0.0,9.939074516296388e-05
214,보물창고,/channel/UCRwMczVQ8Jr8_8Dd8o7hPnQ,0.00031910975576465717,0.9592496752738952,0.09534702223269642
215,메이플 이득충,/channel/UCnHpxlp418JpbxtVEfPRK4Q,6.593187436010339e-05,0.8796464800834656,0.06695220246911038
216,노돌리,/channel/UCNvGiN93jKCp39Jsq31BMmg,1.7220965067584374e-05,0.9998721877733866,0.13954231855010826
217,영래기,/channel/UCcvKf8NxAw9i09hZw1MQPBQ,1.0417157682240939e-05,0.9999780654907228,0.001716330647468567
218,가이코GK,/channel/UCYWW_lthmN8cvuIaN0G9D6g,0.1701142186029756,0.7775411185469817,0.05349785881116997
219,엔젤 유튜브,/channel/UCt5e5QXzt_Ub5azmAk4ozAw,0.000287700954383278,0.9996932148933412,0.4345248268709838
220,PAPADOG,/channel/UCYwV9dJhAQSFrFU9JyQ5t1g,1.9647985482151853e-05,0.999973475933075,0.14204680515331347
221,지라라,/channel/UCdRDEMsLzDgoXY0AdQ1yN8g,2.120100998581621e-05,0.9999716281890868,0.14809997282147958
222,44층 지하던전,/channel/UCbErjjRiLboO1q0ha-R0OGA,2.0727584342239425e-05,0.920527309179306,0.07105572410255279
223,[ALTUBE] 김성현TV,/channel/UCOTJtP0Z9DjpPU43B5m1V6A,7.849878784327302e-06,0.9999762773513794,0.6924144795898298
224,오요,/channel/UCXhTIte6TjoItbiUVUnMIlA,0.4997667850684594,0.5002021718246397,0.0023878557341440176
225,니얼굴윤겔라(geltube),/channel/UCMsjY8EfFZNul-_7DvWe6Aw,0.0031412234535916164,0.9928229252497356,0.16158614796928727
226,JINTUBE,/channel/UCi66uG_I878tcnbIhN7KRcg,0.0,0.0,-1.0
227,브롤스타즈,/channel/UClJspSpzADMROqOW9HLHaoA,0.00016691915516275913,0.9124035239219666,0.1444907375433624
228,아구 TV,/channel/UCAGUSx1hbPKDqzBZH7bTjiA,0.0,0.0,0.2726748084218841
229,무지개맛 Rainbow Flavor,/channel/UCcR_wZ0zimC6UT8VO0KcS8Q,0.0,0.0,0.12783462341342655
230,동수칸TV,/channel/UCVJT18d9wSCnDUdnJ9ycO7Q,0.2404615047498737,0.7594291558489203,9.877681732162193e-05
231,BRUSH,/channel/UCRqcPtAY2IrOjjOPt2TbYVQ,4.217159585095942e-05,0.9711904525756836,0.05575494636690959
232,심즈 아무나AMUNA,/channel/UCKQm9pMIE5ti11h_m6NEHpw,0.0,0.0,0.3331821213747995
233,수찬 Suchan,/channel/UCLm0fAzu27N2aSd3lHsy2zQ,2.068864099176911e-05,0.9990710218747456,0.3123111596283147
234,두칠이의게임방송,/channel/UCwDFdWg0nGlEMr4iJnKWqYw,0.0,0.0,0.00043918689092015134
235,이초홍,/channel/UC-jHB5e-6LF-yz0kMCTZWdg,5.143774342286633e-05,0.9944536983966829,0.28137996819822475
236,TFO,/channel/UCk5mlvpbj8CZxD229CpiouA,0.0,0.0,0.07054515555500984
237,윤루트,/channel/UCmJ4DkPFPzjR2TkJ7lXSQWw,1.3416716683423148e-05,0.9999784231185912,0.891028147731231
238,웁tv,/channel/UCnCFD3met1Ip7OngdF9TRDg,3.0797575163887814e-05,0.9996618032455444,0.0003414707524436178
239,메도우이헌터,/channel/UC4rp07nTMJb13faNO94lm6A,6.565028888871893e-05,0.9971343278884888,0.5467436737365157
240,TV블루위키,/channel/UCQreDC73rqiw1wSc_ZYwgHA,0.1292047365423059,0.7403939968207851,4.5683072960822635e-05
241,녹두로 월드,/channel/UC9vz3TBChrJmYbzUo-rqfSg,0.4995394508150639,0.498162891541142,0.00022283622196739292
242,바위골렘,/channel/UCLLGccON9y08RB7xqusu_Ww,3.3067743061110384e-05,0.9999623298645021,0.10835801311623072
243,런민기,/channel/UCY74n-XQJ69dxNdN7h71wLg,0.0001951482117874548,0.9552070498466492,0.3542514951477642
244,Awesomepiece,/channel/UC8DE6aei0DOKa1s3PziV8Aw,0.33187901896690164,0.6680174398546418,0.09306837171316162
245,RinyTiny [리니티니],/channel/UCArr7e9zILksFPuGDq-MffA,0.011974085122346878,0.6109507977962494,0.14578661920192335
246,피아노캣 [PianoCat],/channel/UCDyc0_OWYXI1WcaMjijHrDA,0.1295159413652982,0.8696410929163297,0.023554144586835583
247,류으미,/channel/UCNeHPUKNUBmBMZy_rzHPzSw,0.0002156646446564992,0.9967934042215348,0.0001376536157395858
248,홍개,/channel/UCDkQMlfo7GvgvnrkPawW9tg,0.012843618857732508,0.960806131362915,0.0040344216606833525
249,신해조,/channel/UCiCNc3uj8Bnc9bDzHJS058Q,4.474200977711007e-05,0.9768686652183532,0.3485404786397026
250,Wall Su,/channel/UC5ScPjbt-a97AJO7SBj6nAg,5.313355389565307e-05,0.999928762515386,0.00013430789113044741
251,더빙레이디,/channel/UCVPTh22MstSVobuvF7zQ3Sw,0.00012171519483672456,0.9869431058565776,0.22008785812623588
252,짬타수아,/channel/UCNoSlvimHmdOgtHOCNjj7ew,0.0,0.0,0.24991501195063395
253,프리티에스더 PrettyEsther,/channel/UCkrboHEREUVOaFNbuQ2taZg,0.0,0.0,-1.0
254,도현,/channel/UC-Pn1i_ot4qmG4l7wMZPvyw,1.2810077350877693e-05,0.999944269657135,0.2685779053055739
255,랑말TV,/channel/UCc_7XbnN1bTFMhquCKt3ngA,0.0,0.0,9.417533874400696e-06
256,메탈킴,/channel/UCOaUB8RzbLXB7QZtCmMO-8A,1.6171514289453626e-05,0.9999778866767884,0.0002907911936441687
257,겜스트GAMEST,/channel/UChtdyqmH0yVFWTBJERP2PKg,0.4998096801173234,0.5001269260974368,0.0005898550152779737
258,쌀튜브 Thal YouTube,/channel/UCoYFo-lRD3pchMUtsBcEbOA,9.940452400769573e-06,0.9999771118164062,0.4641976715499298
259,아빠킹,/channel/UChfs1dQ5phBDBWZJ1hHLbUA,3.853332509606844e-05,0.999668151140213,0.4067361250985674
260,김짱돌,/channel/UCsi8xzlmARKDK_ItRW8imyg,0.000166772173542995,0.9586003422737122,2.837181091319696e-05
261,케인 TV,/channel/UC0aKwoKNeqBaUwiEXmkQaGQ,0.3319360799267391,0.5313629705148438,4.268470017787518e-05
262,김뚜띠,/channel/UCTZPZo3xuW5k6RkhlVaJ0jQ,0.013910111971199512,0.9860219955444336,0.0003426261246204376
263,스간TV,/channel/UCK1B7KLih3kE1Iy0SCBDzkQ,2.019558814936317e-05,0.99997478723526,0.6133778197471167
264,김용녀,/channel/UCXmdpmRnf5WKMssvByY2Elg,0.00313406134955585,0.9968165755271912,0.11117256196060532
265,지컨,/channel/UC0z8bddfRBRBmEC-AjI6UXw,0.0,0.0,0.2498161782859825
266,묘송이MyosongE,/channel/UClWTMxooQefOLUV0TRcJ1Eg,0.0,0.0,0.1342308602466974
267,사모장,/channel/UC4XjKgCtpwpACzUCiUKOd3Q,2.3829029487387743e-05,0.999705970287323,0.14998636803963894
268,요롬Yorom,/channel/UCqx0Xywhh72631omzTWNixA,0.0,0.0,4.065036773681641e-05
269,각폭 YouTube,/channel/UCutaHUD-Oos2EBNNEwd4QQg,7.106192697392544e-05,0.9998355507850648,0.09750890859466944
270,힘쎈너구리,/channel/UCADf92tisOOh90hrZee4-LA,0.001009032687761646,0.9960094690322876,9.0388151315568e-05
271,김리븐,/channel/UCgySwATr_UPiGqrwfRo6_ag,0.0,0.0,1.0460615157970032e-05
272,카운터,/channel/UCN5Z4EkujWOl7UMbc4J-3Cw,0.4998118988023634,0.5001785107451725,0.04423335691293084
273,LOUD CAST,/channel/UCAI86CUHDIkKXGA6YpVBhYg,1.0083538654725999e-05,0.9999617338180542,3.935769200325012e-05
274,SANDBOX NETWORK (샌드박스 네트워크),/channel/UCCjR2EbSnsVKRVeTvPjVWIA,0.00011721977352863182,0.9984689354896544,0.0064463913440704354
275,브론즈연합회,/channel/UC-39bqpwYeoyvm2qHfAhHiA,0.0,0.0,3.206729888916016e-05
276,왈도쿤,/channel/UC-S8JFhLkQ5enhB70c2CYIw,2.544140079407952e-05,0.9999200701713562,0.0019594364696078337
277,루리TV,/channel/UCo2qwN2FUPnLLJjHXNusFyQ,0.0,0.0,-1.0
278,깝도이,/channel/UCqVkQsNin4MdGFrWvzFVOKw,0.00020946695603925043,0.8548066496849058,0.18921169520935546
279,프제짱,/channel/UChD2kf1XO2sxR4t4s_oPPMA,0.0,0.0,0.6561774820256687
280,피큐큐,/channel/UC_jNan0EvSTUNKT2dj6U31A,1.6624000636511482e-05,0.9999783039093018,0.4405961366644624
281,카이바군,/channel/UCDEOj33PPDR-Hw9RxdKfjpw,0.0,0.0,0.001981019973754772
282,푸른 [ Pureun ],/channel/UCXrjLuKRFe1OxlR9T6uNs6w,4.4158736272947856e-05,0.9999253749847412,0.14492667296456474
283,Mobirix,/channel/UChs3xgH4BWAsTi-SGjECiZA,0.0,0.0,0.1254334314726293
284,사과몽,/channel/UCjaoaH1tIwV6uLZHEmlQNdw,1.910385981318541e-05,0.9948405623435974,0.07694983084645801
285,김쵸코,/channel/UC0SsBKkmlkyNx6bo0SSAEpQ,0.4046907745153779,0.5791929631183544,4.1268088600832094e-05
286,타요튜브 [TAYOTUBE],/channel/UCBTsPtRCh6ln3IRQFjhjh1A,2.8838893619346588e-05,0.9999636809031168,0.0831576847820148
287,바사카네,/channel/UCy5DTlJJ3eo7I83h-IEL1KA,0.0,0.0,-1.0
288,우왁굳의 풀업로두,/channel/UCzh4yY8rl38knH33XpNqXbQ,0.0,0.0,0.281506269786726
289,표림,/channel/UCxbxK61xeFoymuxmi4ik73g,1.295448328164639e-05,0.9999616146087646,0.11981587461195885
290,소맥거핀,/channel/UCaaZFxjlHI3T_I-uFbldIGA,1.5535466445726342e-05,0.9999797344207764,0.1327698280413946
291,Draw Anything Animations,/channel/UC_ZYBT7vZOSyoyfeQraKCOw,6.266237323870882e-05,0.6365214586257935,0.050773069262504585
292,롤큐플러스 LOLQplus,/channel/UCigPeNf_uHiODmCRns_92Xw,0.0,0.0,0.0017338544130324207
293,Mnics에투샤,/channel/UCubybnI2mstR-E24cc0rt9w,0.5928917576266031,0.3839280940592289,0.10648821815508802
294,이녕,/channel/UCLoGhS_8p-G_pzrkfgMi9NA,0.33313088482191233,0.6667631206219085,0.35979820914748084
295,알짜,/channel/UC9Qsk7A_dVWZc6l1FRS8amQ,0.00017108696920331568,0.9911556541919708,0.00013003498315800055
296,Flyerbek,/channel/UCMoQZs-z0PECNIs-b8CHOag,1.7621874576434493e-05,0.9999672174453736,0.7142204716495013
297,이아린 Ahrin,/channel/UCqIYXDSU6mC_Na4b39lOIZw,0.0,0.0,7.788340250391991e-06
298,흉폭한 포로 Violent Poro,/channel/UC9aEa6zVK12OZaWyTIPX9jw,0.11251015509260467,0.8869414508342743,0.00478915125131596
299,모드로나티 Modronati,/channel/UC9-B--tzbvBUMVkGVyCTaIQ,2.186127494496759e-05,0.9978462457656859,4.2557716369628906e-05
300,엔마유튜브,/channel/UCF-rFAdN7dzd-SI2T3rkCaQ,0.0,0.0,0.00014450550079359026
301,학살 HAKSAL,/channel/UCF7IBIvHZ2be4Ufo8i0uHBw,1.8606493540573865e-05,0.9999693632125854,0.5866442648120402
302,EA SPORTS TM FIFA 온라인 4,/channel/UC9otskL_kd-0CDib_5Lj-mQ,0.00019343099847901613,0.9548546075820924,0.3006540734803518
303,민또TV,/channel/UCCW6uYIUP4YKKe50k-ktVAw,0.0919477667521278,0.8149602711200714,0.0022701938947041755
304,마인의 비하인드,/channel/UCzbLTaNlODXhvobAcTs4XRQ,0.0,0.0,2.7060508728027344e-05
305,로빈,/channel/UCo33r3SAf5z9MS-lrXV2aOQ,0.0,0.0,0.25209770431683864
306,오린이,/channel/UCeVVzlUnjNMFy_DVTZqZ5ZA,1.5186463315330911e-05,0.9999475479125975,0.18823273250944272
307,훈토이TV,/channel/UC3ihyjIvubiIAieg8SlmtIQ,0.9984583854675292,0.000945101317483932,6.854534149169923e-06
308,땅우양,/channel/UC9vI-9WYQLXKI6n9XdXXo3g,1.2601995877048465e-05,0.9999788999557496,0.3364974620574989
309,별고래_StarWhale,/channel/UCD8maIontXDHmsewDbyMXDw,3.3800944947870455e-05,0.9998999834060668,0.12824791576713326
310,소니쇼게임방송,/channel/UC141BuVRzSSXJX33Am9yxEA,2.806767406582367e-05,0.999968647956848,0.17972405653431034
311,박나나,/channel/UCS3_H_feQRm4QbXipKTvSrw,0.3525450092856772,0.4996873427880929,2.9186407724757227e-05
312,Bang,/channel/UCnDcpS7XLQ9KFPqULb9TH8g,3.915504203177989e-05,0.9995579123497008,0.4318441859405928
313,리타유튜브,/channel/UCzMAqDi4M4CrwMSi_EnnV4g,0.19535096079926006,0.8006384625565259,0.00023678541183480561
314,강한달,/channel/UCIqg17JWrhmYT--KZbHk3HA,1.679907586549234e-05,0.9999782741069794,8.21868578592122e-05
315,소풍왔니,/channel/UC5qsXOIsLbkEIP4DI7xWOlg,0.0,0.0,-1.0
316,무협지 League of Legends,/channel/UCIA_jLpi8Tp2YM8ZTe4nD5A,1.1376165427160835e-05,0.9999283949534098,0.31436739560922433
317,더빙걸,/channel/UC6t1NCFKCiBUuIbM3ujRRPQ,6.113568815635517e-05,0.9861894249916076,0.00010477645056583552
318,나는상윤,/channel/UCozuuEEitjQXtCzubNO0BGA,0.00030376292343134984,0.9823948740959167,0.5326806450602338
319,Tenha,/channel/UCOXPm9nqKtb2pIpO0UybBHA,0.0,0.0,-1.0
320,천양,/channel/UCXOLqHsi_mxJdTIqU7B6OmQ,2.0357974790385924e-05,0.99994695186615,0.19999387877178376
321,살인마협회장,/channel/UCgWwo8FJL3MCxfd66ip7nFg,0.24774446918354445,0.7513429038226603,0.104995672678725
322,EFFECT,/channel/UCcc3YwvoDF3LqfGZPZmCyhg,4.87050783704035e-05,0.99994695186615,0.7761268792742663
323,메이비TV,/channel/UCPITXstDqqLYbBUiAVqYjfg,0.0,0.0,7.612258195877075e-05
324,크로롱TV,/channel/UCr0oBV3TSWoHz7MX4atZ7vw,0.0,0.0,5.653500556956903e-05
325,Jin Studio 진 스튜디오,/channel/UCDk0AHutsIFLsQYhMvmkdrQ,0.0,0.0,0.08791936740279194
326,서든어택,/channel/UCMJhnmKJ6xwRIFL1ZFb9QrA,0.1110567295649566,0.8886567157719077,0.12410135604344152
327,I like movies XD,/channel/UCE9Ib6JHShc7MHQ7pMwj0YQ,0.0,0.0,0.007825911045074352
328,김유진 미국변호사YOOJIN,/channel/UC_Cprc-ruVm1GS0yPvqy14w,0.8356075286865234,0.07234148681163788,0.0001255671183267859
329,해르시,/channel/UCwMzCpU05utIvYP7-tm08fA,0.6660537226744054,0.2947427902836353,0.2638132084560182
330,코브,/channel/UCqFt6raBlXK-qJCWsTKW62A,9.025972758536228e-05,0.9999011754989624,0.00013411896569415216
331,튜나,/channel/UCyi9eZCavFN5P6GQVokRiQg,0.0,0.0,0.2488231249153614
332,순당무,/channel/UCZW0yRW2HK7_fzgL9HQu9ZA,1.2158421971738186e-05,0.9998234113057456,0.28711720147969444
333,호진,/channel/UCZZEgBpbLP0ILVc4nGg39-w,0.0007810990723555735,0.9974209666252136,0.371846835883116
334,피닉스박,/channel/UCZ6IM7_T-bCmr_7DgAKjYxg,0.00016292550753860271,0.9991054534912108,0.4448900558738004
335,따효니DDaHyoNi,/channel/UCFM_07Mxv6CglREk8qdkPaw,0.0020114330432988935,0.9025678992271424,0.3059426258130217
336,꾸몽,/channel/UCH29Gz8a6veRLqUxzjBXHrQ,4.560298748401692e-05,0.9999492764472958,0.00017628925187240796
337,듀단 [듀튜브],/channel/UCPd2VrGLDguFs9AckozHtrA,0.0,0.0,0.0015261650085451885
338,Ace Art 에이스 아트,/channel/UCpfY3rf_vaW6UQ2hGlqGhIQ,0.0004014724981971085,0.54350346326828,0.2999602233930465
339,게임토리,/channel/UCA57VZoIKNqjaBjokHPZbtg,0.0,0.0,0.013934201664394852
340,실프,/channel/UCWOPxkftlmCstC5drb9VM_A,0.33307922719207755,0.5219349584076555,0.3999922770028781
341,택신TV [BISUTUBE],/channel/UCBa9U1nh3fe2lBx3a0R0Skg,0.0002189989851710076,0.9006706873575846,0.5742058033031867
342,잡초,/channel/UCSWLx_GQlGADYipEyXF2Mxg,0.0,0.0,0.00015779733657839135
343,고누리,/channel/UCs0P4GrXEumyYn-d8ASrGlA,4.6343309804797166e-05,0.9997438788414,0.0002118728377603629
344,온다람,/channel/UC3LNd5iXQZ8WinaOpfwXveA,0.0,0.0,0.20035550482030628
345,모두의마블 TV,/channel/UCc5al0BciX358Rg9YXk1LBg,0.0,0.0,6.67572021484375e-06
346,조우,/channel/UCpXnb06Y0uc6ewEf3WL4wDQ,0.00011603114398894832,0.9997027516365052,0.0003730982542038408
347,금똥왁왁,/channel/UCt4wd8jZFvFjrHy6EXLrmVw,0.0,0.0,0.6093994555696554
348,Revinen,/channel/UCVszhXaoqB7Ekx1coEU6PzA,1.861118221313518e-05,0.9996739476919172,0.08221521567214618
349,TV용느님,/channel/UCbHN1sTuPySKpnqKSp0JHRQ,0.005807978376045259,0.8640900055567423,2.405047416675909e-05
350,Google Play Korea,/channel/UC8C0Yd20ke5XqOiZvMVgM9w,0.18600856404949204,0.7029342390596867,0.06309051220507722
351,무릎의 철권TV TekkenKnee,/channel/UC0Zl_lyMoTbroBSNv7SpGuQ,5.502897329279222e-05,0.999942660331726,0.3229634967254762
352,옙가,/channel/UCcwEXGl8tRJTJ78WBPa7dUA,2.400241161619003e-05,0.9252936641375225,0.011201093071385393
353,닥터준 YouTube,/channel/UCOY3LbxXxCd8SykBvcVJlzg,1.3599485328086306e-05,0.9999766945838928,0.4063923236093875
354,Wolf,/channel/UCYJ0Ucu9jPX5kn6SeDcNaIQ,7.548942903667921e-06,0.9999452829360962,0.5593997845764989
355,[KongAlTube]콩알튜브,/channel/UCDqkO1FZXchBTGtsm7uO8jw,0.03539727908355417,0.9638078957796096,1.2142317635577273e-05
356,Rush,/channel/UCkV_ZgwCFlAvUIu4k0UBBaQ,0.0,0.0,0.7249187747246734
357,단미호유튜브,/channel/UCy5OjPJk87YCHNgd3qg2N9A,0.0,0.0,0.00032776594161998407
358,펭귄몬스터,/channel/UCqcxF7BAF3GSz36Yx_0qGaQ,0.0,0.0,0.03661415576934801
359,전쓰트의 게임 채널 Junsst,/channel/UCD8r5Jgns2V64-NcUmXclpg,2.227821278211195e-05,0.9995798468589784,5.074342091881956e-05
360,라더,/channel/UCDujSmC7qoEp89PE4ANN0vA,0.0,0.0,0.010018381807539223
361,체험판의컴퓨터채널Trialversion,/channel/UCeSnJtdf_dgvFqtK1PpxygA,0.0,0.0,-1.0
362,Rope로페,/channel/UCAtwdcmAFuTeK_nQ-wxGW0w,0.0,0.0,0.1695564786593119
363,이서니,/channel/UCcL8PoeJCC6DwAcKyzw_eQg,0.4579627098792116,0.5419513024389744,0.2599323648319114
364,알로직,/channel/UCd4vEfDwg_kzVI-9Eq8sPHA,6.0343227232806385e-05,0.9994783997535706,0.0009149312973022461
365,쉐리,/channel/UClDbuB3bgZYVIaN3534c_ew,0.11796355992555616,0.8457971215248108,0.0005119641621907922
366,노란 단무지,/channel/UCLGFyHp-wUhKrmNJBWZg75A,0.0,0.0,0.012441090175083548
367,PAKA,/channel/UCJpAwvQaZyCI5spAz7tipGA,0.6558268825165214,0.3439795447823902,0.5409276070970988
368,구스마일,/channel/UCpVLAetJt6_XjktxxhDUY2w,0.0057558090702514155,0.7111826539039612,0.003345876932144165
369,중년게이머 김실장,/channel/UCSgvQDek_7CQj08fu7kp1Iw,0.0071674659175187125,0.923770308494568,0.06890580817607461
370,왕군게임국,/channel/UCqONn4EbAYzIVEGAoQxmZUA,1.6492525901412588e-05,0.9996544122695924,0.00037388006846117433
371,화틱,/channel/UC2b9TmgJ-jZt8ZAKF4DwIWg,0.00016335857435478834,0.9847072958946228,0.00017620325088496536
372,말괄량이 박삐삐,/channel/UC1ig0B3mPPXViUMTN5Hm-Ig,0.0,0.0,0.2310422275747571
373,디스 이즈 샤이,/channel/UCBo3r_IAd1EiFGe1x7GgTLw,0.0,0.0,0.5427526822547861
374,코렛트YouTube,/channel/UCvmHDocKuL6MVx1qRgqLV9g,2.5440107310714663e-05,0.9996360421180726,0.0012415274977684019
375,최군TV [무삭제 풀영상],/channel/UCwGeidQWKEMdFIujQrz37qw,0.0011431186403569882,0.9977569937705992,0.00042555481195438727
376,똘끼100%,/channel/UCybKp0O2N9sUZOgIm1j2r_w,6.082937579776626e-05,0.8568739891052246,0.1392121587159636
377,게렌의 게임극장,/channel/UCUEX0L7GHPs95m8S7G6kWVA,2.219264933955856e-05,0.9999727010726928,0.15577293327078226
378,ryujehong,/channel/UCtt0Hg9MhraTkzWwNQpplHg,9.679259028416708e-05,0.9998832643032074,0.5003258247250414
379,홀릿 Youtube Holit,/channel/UCoH2pCzAr6zWDG-LtUiLWRw,0.0,0.0,0.5531833327673262
380,_헤징,/channel/UCj38fEefpih2o1aHH886Z1g,0.0,0.0,-1.0
381,넷마블 TV,/channel/UCpYaDypxUY_bB6s23sfpuMg,0.0,0.0,0.00015473365783680304
382,꼬예유 & 한예찬의 게임저장소,/channel/UCJoWNCiFuiN4eZnB80WUf4Q,0.0,0.0,0.2268221630171562
383,삐라,/channel/UCw2zOqd6hXsny79qDki_Z4w,0.027258304492988827,0.9724225103855132,0.005048819950648764
384,마뫄,/channel/UCgEo04TieA9BEmiDOhYQUGw,0.3618369254594048,0.5658457905131703,0.18020327156264093
385,KD키드,/channel/UC98Dw7oYrXnoXCfhxgffzRA,0.0,0.0,0.0001981059710184363
386,삐부찡,/channel/UCWbbrLELoBRo-8KG1D9m4HQ,0.0,0.0,0.0004466388906751994
387,LOL PRO Replays,/channel/UCYX9IB_lU43EenSWKDlheUg,0.0,0.0,0.8569547959954694
388,Mudassar Saddique,/channel/UC_qgWkLIbwXA8YGWTbjSN3g,0.0,0.0,-1.0
389,전자오랏맨,/channel/UCkcaRxpTcisadUeCbHOYTFw,0.4999173293908825,0.4999956424435368,0.003264926373958588
390,G-ZONE 게임은지원,/channel/UC9iXc6HmaGygDiTj5OaNqNg,0.0005615690868580712,0.9038097977638244,0.03177677790323896
391,이춘향,/channel/UCH-5Xjx6MuEySkb-lAdIEeg,0.00023867463278293144,0.9791715145111084,0.023771035671234172
392,369랑께,/channel/UCVjAW_GXsPAbXKKEJYPBs0g,2.6250607334077358e-05,0.9989722073078156,0.0017289689608982473
393,개리유튜브,/channel/UCN8nXvaYJSqeD0wlwsVq2kQ,1.7739056602295022e-05,0.9957378208637238,0.010521531105041615
394,장파Jang Pa,/channel/UC8vlKcN5OpklBkb-Q2xGGjA,0.0008314855980036857,0.998969833056132,0.2029319292288908
395,롤큐이슈 LOLQissue,/channel/UCyqwhqket92QYbSALAV7oXQ,0.0,0.0,0.0017338544130324207
396,해봄,/channel/UCL9oC0YZRwuyudZqUrgKw9w,0.11691573058588905,0.8551809230096601,0.07839348723732564
397,나무늘보,/channel/UCXAXCxTCCYYKsLJNzEvjqfw,0.0,0.0,0.15816175192594528
398,지존조세,/channel/UCQOL6_MBCFXr3M9OTmwl9pg,0.14606178240527307,0.8539276185412226,0.003786619752645604
399,애덕 유튜브,/channel/UCSCogaMMoxrDe43Cx_kB9cQ,0.0006578702935560918,0.8369566400845846,0.02559842440215021
400,JeongWon Entertainment,/channel/UCu07k1hkdNzxLR2uc2-nYVQ,0.0,0.0,0.545092138054315
401,오하빵 ohhabbang,/channel/UCnPJ_Jcl-dwFuGgqhavB8oA,0.441062725755728,0.5327876769006252,0.2310693161860401
402,찌훈,/channel/UCzlnXVYyIG38fUrMBGOpc3w,0.2346931931882864,0.7562871787697076,6.150826811790466e-05
403,더헬TheHell,/channel/UCRTRG3sr8my7ONpSQNruU2A,0.00031384678095491847,0.9996595084667206,0.5550189930163469
404,Gong re,/channel/UCl6gx0iQ-VvwhJu0r1FndTQ,0.0,0.0,-1.0
405,급식게임즈,/channel/UCCWHOI_Xth7mINE98Nprz6A,0.00012790508174020945,0.9994315207004548,0.0008451369675723798
406,쿠키런,/channel/UCr-Eaw_CBpAqKHbzV_GidQQ,0.0,0.0,-1.0
407,쪼낙 JJONAK,/channel/UCeq0Nrch5KY3VrZyn_BB32g,1.275303156944574e-05,0.9999776482582092,0.8656602072111127
408,제동TV[ JaeDongTV ] 이제동,/channel/UCOp9K7CjksKsve6CkNPzUWg,3.232111400090313e-05,0.9984096686045328,0.5731480335205215
409,모마님,/channel/UCouZRGq24QaCvFlslu9uD9w,0.012812885630410165,0.8925761282444,5.9891830791247706e-05
410,Yh Ha Figure maker,/channel/UCSsdK8cdN9hn3FS0mTf8iFA,0.00021024748487737569,0.9996193647384644,0.016347785790761238
411,HOWCOW uuu,/channel/UCInT34AJQaNyQ1V1PTEpv7w,0.006315823238765005,0.9936602115631104,0.21328303590804965
412,Roblox - 한국,/channel/UCXM-GWvgXxj8V_Q_o1B4zyQ,0.002582337388594169,0.9973635315895079,0.09266860025112078
413,원창연 WonChangYeon,/channel/UC1FK8EsrPHHVOvrDvctqpbQ,0.9992938041687012,0.0004526767006609589,0.13574349464761326
414,Youtube고차비,/channel/UCjZy8afeI-58sPLgJIOmecg,0.4998392592833624,0.500148223422002,0.12035755100194367
415,개인팟,/channel/UCIBoeAMqlic3emU6_crV9Vw,0.00010908403055509552,0.9984580278396606,0.07157663990515839
416,AfreecaTV eSports,/channel/UCK5eBtuoj_HkdXKHNmBLAXg,0.0,0.0,-1.0
417,최고기 ENTJ,/channel/UCZgI5WTYh_1LWNexiHNH7QQ,0.10011307150125504,0.47265771031379705,0.0067745566368103685
418,왓구홍길동,/channel/UC9aktiWNGpSJKLshflga5yw,0.0,0.0,0.5999771262780996
419,쿠리파파 스튜디오KooriPapa Studios,/channel/UCvjevfcEcO4JXSe3SgMYbGA,0.00011005114538420456,0.9997982978820802,9.258588155147685e-06
420,쌍튜브,/channel/UCvG7coejM6UD_rOnuDdIoFw,1.9653569324873384e-05,0.9987961500883102,0.04009074870089535
421,Mulpan,/channel/UCDBg2guHN1JanH7QP7i2dQQ,0.0,0.0,0.3779155520607508
422,안산저격수 ANS,/channel/UC7g2JNSc0SefzMTyc--Nn4w,1.2139167665736745e-05,0.9999763965606692,0.7273225458753917
423,다다토이 DADA Toy,/channel/UC4pIb-g1hjtWK6T98UqeQkQ,0.004294755402952433,0.5807042717933655,0.08265333118227625
424,수진이,/channel/UCmu_ekYHVR0vjmpyQZp8YwA,0.004437346771131463,0.8847853740056356,0.14334223484131925
425,넥슨 YouTube,/channel/UCZcyI32yv57Zz0Y8-Nr1V9A,0.4954382759169675,0.5011119272094221,0.4077677579924439
426,임준하,/channel/UC0iAObTgKlFipjqApv0nJlw,0.0007169763589445209,0.9449067413806916,1.4573335647583008e-05
427,배틀그라운드 ? PLAYERUNKNOWN'S BATTLEGROUNDS,/channel/UCms8Ge7H1ZGgw6nV94fUhUQ,0.0,0.0,0.15506890227946935
428,CheritzTeam,/channel/UClcACsSYAi97Ka_QxX72JAA,0.0009788728202693164,0.9841505289077759,0.04106569832021545
429,HAK,/channel/UCMjsi-Xrmyv9vlN-92QySvQ,0.0,0.0,0.07901781797409058
430,금사향,/channel/UC1eIASyCXzaeOuBbGOubI9g,0.3332330592659976,0.666742471405693,0.06865104920580056
431,sum,/channel/UCQknKKnwlpzDS7bjMULUjcg,0.0,0.0,0.1842022113123676
432,인벤,/channel/UCQePzo3_oRB-6RAzBioc6pg,0.009561009726894552,0.9843193590641022,0.1039388898521123
433,Toon Tube,/channel/UCIJBt-DqtODaUKGKI5H01fg,0.0,0.0,0.3333293051746297
434,마일드참치,/channel/UCtNQtlVDw79Sdxvm08Egk0w,0.0,0.0,0.13560929894447327
435,정리전문 [웃키키],/channel/UCn8P2mOrwb7BNMRviAFg6DQ,0.6418751383504665,0.33939182044317323,2.6279025607589546e-05
436,배그TV,/channel/UCb7DiMpyCaKjMM04Eo2qyfw,9.095258454700732e-05,0.9986619779041837,0.09330639536619856
437,오버워치Player,/channel/UCeZZ5LAX3as-CPv-Bj3hPdQ,0.0,0.0,0.007476011912027847
438,킴스맨KIMSMAN INDUSTRY,/channel/UCixaWz4xXA_mJg8UhOZ6hkQ,0.00010921039938693866,0.997968852519989,0.3332687536797797
439,MarioPartyGames,/channel/UCGGPa08De2KNGSaiPPokePA,0.0,0.0,-1.0
440,나나양,/channel/UC2z7Vj0qpcjIsAEHwOE1-NA,0.047512095421552665,0.8444311618804932,0.021103401978810776
441,비엠TV,/channel/UC50HiPRDIXQMcB9orOdlbaQ,0.0,0.0,0.0003365576267242432
442,연두의 일상채널,/channel/UCFRDmLQJItqvkfFFfuTGGVg,0.007947706597406068,0.984857141971588,0.1602836681318317
443,핸팝,/channel/UCfSy6hLYDteGVYb5h_Z2xkQ,0.0,0.0,3.659725189208984e-05
444,DRX,/channel/UC5WN-znPsJK0BbA8aHxZHWQ,0.0,0.0,-1.0
445,탕카페TV,/channel/UCz1lALRICSdUzHRjJVVo9NQ,0.0017934769857674835,0.9980170726776124,0.00015013416608178345
446,김성룡 바둑랩,/channel/UCfA0tTDLNooBB0ymdoI5M7w,0.0,0.0,-1.0
447,새상놀이터,/channel/UCJ9Mk-2MwdoS_zMKgkdVUNw,1.9025404981221072e-05,0.9999717473983764,0.0549973350237396
448,망개,/channel/UCNKam43W5s-LfRMKcd9Jg5Q,0.06974750517353337,0.9203813870747884,0.09098960966564996
449,하지니지,/channel/UCFIUgqzzNjCvarzIqCE89cA,1.2361066183075309e-05,0.9999587535858154,0.3389983822453361
450,PlayersCUT,/channel/UCD4_2dTl0ORuzuv75tDom_g,0.0,0.0,0.25532592444175284
451,LookSam,/channel/UCQLfdihF1WwbuVcgJq6x6Iw,0.2492292998290395,0.7473379024886526,0.2886483985080304
452,TV벵골,/channel/UC4gnNZCL8d6Eq2lLNqk5aSg,0.4999268252622641,0.5000630485155853,0.11612388244248005
453,Yoorop,/channel/UCUJtmHHXN4BGT3zyE0o1j0Q,0.0,0.0,-1.0
454,조탁구TV,/channel/UC_5H4MxUOOtppCGjpVl3XPg,0.0,0.0,1.5020370483398438e-05
455,BLIZZARDKOREA,/channel/UCEOoYEH7uLJ0Ux566Hy3XmQ,1.7668453438091092e-05,0.9771641790866852,0.10737241017583676
456,임아니,/channel/UCeHFCfPMbmQUuypVtXrpnTw,1.927378480104381e-05,0.9998260140419006,0.2966959406530805
457,AliasMuse,/channel/UCiAK_U-vD5zcL8Bh9sberCw,0.8822017014026642,0.11252268776297568,0.016175463795661926
458,김도랜드,/channel/UC2_VPutZK0o_tG8ca_QrQRA,0.00011494725595184717,0.999699999888738,0.18132052896622294
459,부멘 Bumen,/channel/UC-97DBrSjf37Qu1cyVQ8X1A,1.0677800673875026e-05,0.9999629259109496,0.12357216095551847
460,아론 페이지,/channel/UCDbOXmGL7EkmOcnUb5Kki4A,1.6449466784251854e-05,0.9211434125900269,0.16589068194540835
461,세드TV,/channel/UCMo4MnhHhSDkiUIXS6dytTQ,0.9863757491111756,0.0016831569373607633,0.001824802822536831
462,마루에몽,/channel/UCLWXraxoi58otTHcWa9LZhQ,1.1485632967378475e-05,0.9999598264694214,0.007575701583515616
463,ShiningStar,/channel/UCde-B1KjFgIb9WGsSdT5wqQ,7.083346645231359e-06,0.9998866319656372,0.048967218303832
464,철구 풀영상,/channel/UCPuQ0kaW-TX_2LgrEEUl7qQ,0.00015031707062007627,0.9998212456703186,0.10444323064136064
465,코시TV,/channel/UC7uEw7E1-NBpJwE5L2Amoyg,0.8789147734642029,0.011774836108088492,0.2719605671167797
466,심킹,/channel/UCDYdwDXhbVZXkdV6kZn-0IQ,0.0,0.0,0.6639627128228313
467,하얀귤,/channel/UCLXSj8Q2mnL2XbBgRdTPiMQ,0.7443305253982544,0.0028615451883524656,0.00011339783668518066
468,모잉_,/channel/UCHzre37UF4o64HRhp-7CDzQ,0.22209898763018526,0.7452006214686359,0.011755683842827214
469,취한무드등,/channel/UCxM_h0LDzNU0XVD8YWCb17A,0.0011783292787489092,0.9857330520947776,0.0004798980320200874
470,뽀박사 뽀쪽 Dr Joon,/channel/UC0hI0RUHrjCCskDMnMBnzFQ,3.4804115784936585e-05,0.9443281690279642,3.319127219059137e-05
471,앤새ANDSADLY,/channel/UCZQvXBMUT7ZMM5i9w9ZFp_Q,3.6077653930988156e-05,0.9999413490295408,0.15647482189039386
472,뉴리키,/channel/UCtsaNMRUmgwxMSb7xdpzALA,8.301085881612379e-05,0.980123981833458,0.06770102020639635
473,아구이뽀 A924,/channel/UCEn8UcA-PNu5ZKr6tZdJ4Kw,0.0001822000049287453,0.9974687099456788,0.07573510849705123
474,라온스럽게 Be Like Raon Lee,/channel/UCJVsjpZqtve-SZ11U8jmH_g,0.0,0.0,0.15963049877124524
475,기가막힌사람,/channel/UC9V4iFRjgNUaPRPgvSgSlxA,0.00022535927564604208,0.9397838115692142,0.3990292358212173
476,오늘의 매드무비,/channel/UCcjFBc6EZ76yJarqU1AYuhA,0.003640876617282629,0.9952972531318665,2.3262841360782722e-05
477,Companytube,/channel/UCpmGKHhLg6QmdDg03Zds8Fg,0.0,0.0,-1.0
478,John James,/channel/UCs2QSZ8p8OjLUWUllNTpPZA,8.545980836061062e-05,0.8481437563896179,0.4858108214476589
479,ㅇyㅇ,/channel/UCm6Y-gVqhlhX4FzrJCtsSzg,0.0,0.0,0.24781098164385185
480,선비방송,/channel/UCIwrzpUgafk5ZD14BaSVdGQ,0.17340694568247272,0.8229683935642242,0.00027666773114876086
481,무결의 VR게임,/channel/UCprxjd4bxAiNAxg947wvrmA,0.0,0.0,0.14233359242124222
482,SM TV [SeoMin TV],/channel/UC6k_2mRnYn8b-W-pKtBy85w,5.936791330896085e-05,0.9994841665029526,8.821487426757812e-06
483,Dmonk,/channel/UCvlZOzv_B0GD9VLqdsGWfcQ,0.4809119695419213,0.4306682068854569,0.1927018169313669
484,GameDO,/channel/UCnhZk0ebU5fm9oazpCtc_Sg,0.0004566471080806878,0.9502428025007248,1.4162832690844953e-05
485,허샘,/channel/UCnCeDIkExSpULGqmpj5oafg,0.9996114373207092,0.0003543079656083137,0.3205570854849308
486,신원리강아지,/channel/UCUKBryOxBtW7l9IRFfTyCXw,0.5022418494336307,0.3694340262154583,0.16205236315727234
487,캐인유튜브,/channel/UC-8S20Ll1gzPiu_YY8BgyaQ,0.0,0.0,0.3064099445036845
488,레지나Rezina,/channel/UCoGlmInGRIRoDg4NjAYv4-Q,0.0,0.0,0.03577531377474463
489,만득유튜브,/channel/UCLFaCqu7-o7NGqn_-uyKPBQ,0.00017319883409072645,0.9354935884475708,0.12780310251665386
490,무자비,/channel/UCPPuXI31ybWYB560T2uAeMg,0.00011709365207934751,0.9998745918273926,2.7616818745968e-05
491,김슬기 Seulgi KIM,/channel/UCsMjo3TqAQueM3LFWlsKnhw,6.261611815716607e-05,0.8202182650566101,0.1448843123168141
492,"포켓몬 공식 채널 Pok?mon Korea, Inc.",/channel/UCAhmOb9JWkI2HV_KIe9X_3A,8.242169860750437e-05,0.9930274287859598,0.058884092012543625
493,기뉴다GINEWDA,/channel/UCyJgLaAwEwGiLTl9ccd2haw,3.1572147008773754e-05,0.9995790272951126,0.11620191879604858
494,라넥갓,/channel/UC-Kk2qNHBsyyYy8kIIKMh8Q,1.300591065955814e-05,0.99994957447052,0.3328870432702994
495,ScuD?쁘르로세,/channel/UCs5Qp6yaCnsUGwqegqTEPKQ,4.237147732055746e-05,0.9592792391777042,0.00012783706188201904
496,악시,/channel/UC58e7PIf49oMlDljMFPSy0w,0.120483263190863,0.8545081913471222,0.0954932666151892
497,윤작까,/channel/UClA2xudL_XKm5HLY9yP8wyg,0.0002801607843139209,0.9992357194423676,5.813439687119004e-05
498,우감독 [Director Woo],/channel/UCVbAEP8L2wR5dYvcWShwCsw,0.0,0.0,0.02156815926233957
499,파크모,/channel/UCLdxLyuNHafN-1UlOs2BK8A,0.4999225328228932,0.4972151421170565,0.06142302503188435
500,한국닌텐도 공식 채널,/channel/UCRCK5FCJtomQT3b88jXI_DA,0.0006802999385919457,0.9596411500658308,0.048053080575603764
501,타코리뷰,/channel/UCVes_P0Cc87L48_KvdyNX9w,0.046497770373712735,0.9364116787910458,0.00010197437726522374
502,동호형,/channel/UCKr3S2aX4SyNkQTY-8UM86A,1.1993805401289135e-05,0.9999790787696838,0.21793162206257174
503,TV헤이스트,/channel/UCaiyyjmlyH70au7pzKE4jnQ,0.0,0.0,-1.0
504,흑열전구,/channel/UC2IYsRiATGe71sLIOlSXGuw,6.470443622674793e-05,0.9998995065689088,0.3333145557359481
505,미키스나,/channel/UCNday6XUUjYBs0fmjAmYTcg,4.0819310925144237e-05,0.8676476478576659,0.4569142728025326
506,혜성,/channel/UCC1aXzKxN1P3WcpTh84-1OQ,2.5674235075712204e-05,0.9994718432426452,0.12341324104927474
507,시간의 숲,/channel/UCyfg0TBg4jwIqnX3uNADnhg,0.0,0.0,0.557447047273854
508,핫도규 HOTDOGYU,/channel/UCHvz6pwNdtkhukP6oPOOnQg,0.12893208861351013,0.8157762289047241,0.18874062276962733
509,현솔,/channel/UCEWkdaR_6g6giiy8_vI6fmw,0.0,0.0,0.5002875305531234
510,Dobby도비,/channel/UCvejyifMonPNXGLX-QFmYyw,0.0,0.0,0.02099814017613721
511,Bubsa Gaming,/channel/UCrBuJMx9qmXmxvQrmeI-TPA,0.0,0.0,0.3099372539261822
512,Bung Korea,/channel/UCjFTY4_BJ4prXVmFow9x93g,0.0,0.0,9.506940841674803e-05
513,메이플스토리맑음,/channel/UC1dHu9GhbHH7RcHKyJdaOvA,5.7694398189293394e-05,0.9999253551165262,0.16686511225088907
514,CAMAN카맨,/channel/UC3Md9z1EkkGs8htNkRG3Vew,0.0,0.0,3.7044286728016296e-05
515,한자,/channel/UCk5C4AR3uvmKwZYkIlSobbg,0.0,0.0,4.325807094562872e-05
516,쥐늑대 유튜브,/channel/UCugJ9oXLc7a_6B0yyCHdpSA,1.1651854492811252e-05,0.9998505413532258,0.00022619962692260742
517,긍정인,/channel/UCAm0pQmaq6dTcH2-qL6RQjQ,5.1444918062770754e-05,0.9968382120132446,0.3336243585424763
518,준밧드,/channel/UCDWlQ2AcGlcckdefjtF0goQ,0.0,0.0,0.4992111143839793
519,안내메시지,/channel/UCMswODzU1ZjjrLyUk7NfwPA,0.24955432922479304,0.7457946396607441,0.19291599563148346
520,신용인의 게임채널,/channel/UCDrdTV9TcDx9-znGQAy6lzQ,0.00015588267774546694,0.9987217038869858,9.121894836439104e-05
521,서농,/channel/UC9nWnAJQDNBkJ_JlbKS-7VA,0.00022208627160580366,0.9865491271018982,0.018298948804537415
522,병병병,/channel/UCLtZE7A3iN-oysHf5_vJYBA,0.0,0.0,0.6155536890558627
523,표커,/channel/UCdF0eCyf5np3lPO4y1fJVdw,1.6368039723602124e-05,0.999970316886902,0.0002911269664763738
524,저펄이,/channel/UCWMK0idJDBqwpueUiEXStCQ,0.0005238218000158668,0.951753318309784,0.00014945864677440301
525,THE SHY,/channel/UCT2iciPfSx1DmcYaf1MAFiA,2.380091973464005e-05,0.9999731779098512,0.5972496990072613
526,엔씨소프트,/channel/UCbiqc9mdIz3XEH6LG5nCeMg,0.33069826969767746,0.5380821796134114,0.2711821177055955
527,고뇌 [Gotube],/channel/UCfiarPVYi8ei4vZntToFYGg,0.000440631299473656,0.9086570541063944,0.4999349615967125
528,Sky Nerf Guns,/channel/UCUJv3d2xXUDVhyKJ6BhzPGw,0.0,0.0,0.19342131436496854
529,입만산_김루윈,/channel/UCeRn_02zEifLqXxZkTpiXzA,0.0,0.0,2.7745962142833314e-05
530,안녕수야,/channel/UCm5suozTR8bN1o_5xRf9JrQ,0.0,0.0,0.20063915085920592
531,괴물쥐팬OFFICIAL,/channel/UCz7gPLMK3PAXBTIEavZIXEg,8.656593005677375e-05,0.9998893439769744,0.09152417977911677
532,앵지,/channel/UC6jny3KnjnPLtSWYbrTqAtA,9.294418714489441e-05,0.9898231029510498,0.27276341659229986
533,안기효TV,/channel/UCYG8tuvbQzWsDeoADyJFU8Q,0.0005733718280680478,0.9479398727416992,0.7703771374795347
534,우에하라아리,/channel/UC0EWVkB5mmeJ8z61rJWQTPg,0.0,0.0,0.20161148463957945
535,OVTV - 오비티비,/channel/UCcfuatJAWBygJ5Y3uPxTZsg,0.0001750146329868585,0.9998123943805696,0.00015725195407878534
536,이클리피아,/channel/UCRZURXN2vyCYzB9eYbSKQiw,2.8740887955791553e-05,0.9258174896240234,0.1721731022468399
537,하지,/channel/UCRmG4YBJMlBiH4rt8g2vNPw,0.0,0.0,0.21814551036893848
538,HAMA JUN,/channel/UCuWFQc0UEyNbT8v-pX83MjQ,0.0,0.0,0.2259719464927912
539,불도그,/channel/UCBjPppB6FOLloYBUvgbqE_A,0.0,0.0,0.2203518319875002
540,힙합가이,/channel/UC4ZsaUtdPtivLNNI5kozlDQ,1.456309337299899e-05,0.9999724030494692,0.17543008102438762
541,라간유튜브,/channel/UCqJB7rKizLzFYy2t_2rGahw,0.0,0.0,0.46706180055152796
542,이중선,/channel/UCw7FqLmYfW-nAVhEd_grcZg,1.931933002197184e-05,0.9999772310256958,0.44749534632856014
543,건곤,/channel/UCfO-Z1ZCFn9DF5217ZySjfw,0.0,0.0,0.012617429097493638
544,유튜브박사장,/channel/UCqbx_XBQEA80FHsnLQOKXrw,1.5640662240912203e-05,0.9999743700027466,0.20686918904435256
545,Mihaya Gaming,/channel/UC5LL5w510Njr8heGeue1sEA,0.0016807967040222134,0.9975570142269136,0.09047107626683992
546,Racing Park,/channel/UCAPVYRwD-6yYx85oqgFnqCw,0.0,0.0,0.7148069647373632
547,라이언티,/channel/UChGrYmp0PTFef-XOjueNH6w,0.00012171519483672456,0.9869431058565776,0.22008785812623588
548,나미춘 choontube,/channel/UCfUnRLITvC9bNpShAEIIhMA,0.0,0.0,0.2034918277511477
549,서봄,/channel/UCkQWAIUktzea2l8xT1GyVSg,0.09350855648517607,0.885114848613739,3.830591837583608e-05
550,수닝유튜브,/channel/UC4i0dvptG3PokPjMx6r1zNQ,1.4339372683025433e-05,0.9999805688858032,0.2590363249182701
551,캡틴김수호,/channel/UCYaFxuv97e0qSx1MU9FvhGg,1.3921244772063798e-05,0.9987365901470184,0.08441493884760443
552,겜블비,/channel/UCGHtLohOnwNBhuJnPTjNo8g,0.25217731866723625,0.7422527372837067,0.000422393282254574
553,게임저장소,/channel/UC4pUn2_URkvOvObfNcyvRzw,0.01088941218185937,0.9866238355636596,7.601295198722546e-05
554,김호랭,/channel/UCZo3yJ0wjksu7AZAjPMCgbA,0.00013242970574841215,0.9868256946404776,0.09041389922687282
555,김진우,/channel/UCweizAaKFQrSEYnleVOZqTA,1.4696011021442246e-05,0.999948501586914,0.0010423792733086355
556,리버스,/channel/UCFBGBsvOMA2gbxmnxgotsmw,0.028630716726183888,0.9713313579559326,0.07420358130270077
557,플러리 Flurry,/channel/UCdZGwKwvi_i5BLvFzCj4FXw,0.001043496384227183,0.9431669414043428,0.4026692825727878
558,웃소 게임즈,/channel/UCRMX7IWlG7Hqna2gDhGan_g,1.5520994566031725e-05,0.9999796152114868,0.0762986930222399
559,백설양,/channel/UCQPPzb7y4aJz6VV1F3v066g,0.00011986846887642363,0.9768208265304564,0.24809948778750945
560,TV효근,/channel/UCG8FY3eGM47TVmv8x5ZhA7A,0.002184496255722479,0.9969622790813446,0.0002233505249024104
561,레고장인 채소골렘,/channel/UCYGtilUot-VLx6F-ubjg24Q,0.0,0.0,1.3311703999985271e-05
562,목츄리,/channel/UCzoX_XRk4Pd5thE2k59c2pw,0.00012571022307383828,0.9987666805585226,0.0778300999059306
563,강교생 KCS,/channel/UCF90fBrj4HP9VpdwGiQkrmQ,0.0,0.0,1.0997056961170593e-05
564,지수소녀 유튜브,/channel/UChzIscohei65H-7T-Pztaww,0.0,0.0,0.5556818529330485
565,감블러,/channel/UCgmQJAJuiddthVUfJmWxltA,3.474754673031081e-05,0.999607264995575,0.4191251953674282
566,파닭Padalg,/channel/UCyGe1k6hJ-t7ZlYfYSmPdag,1.7448915968998335e-05,0.9998407363891602,0.3097016398484508
567,하솜,/channel/UC7xJ1J2TD7JwYlyL4RkBWmw,1.6064452211139724e-05,0.9999796152114868,9.916226069117684e-05
568,Baby HAPUM,/channel/UCs8zXRDTNzCdaNCioaENt5g,0.0,0.0,0.14046009555022465
569,에스카,/channel/UCoIoRtXGGPCaOE0qQHKXjvw,1.3296984434418844e-05,0.999977707862854,0.7954894232454015
570,혁구,/channel/UC2HEQnILETT1x7V9iW3H1Kw,0.2233345061540604,0.7766180634498596,0.2436418980360031
571,조디악,/channel/UC1b5zAyQWKa9KkIzC4wol0Q,0.0,0.0,0.13920038002705792
572,스타크래프트,/channel/UClWPSY-fuGOIldrlUTqoEag,8.213970272663573e-05,0.964317113161087,0.22494449709627504
573,배룡 TV,/channel/UCLstY59V0mohZmcSGd33cPw,0.0,0.0,0.0006034374237060548
574,곽민선,/channel/UCk0BKqdh8W4FR2eRTZ5Uoug,1.7582518012204673e-05,0.9999617934226992,0.21092128193719728
575,레알이,/channel/UCpUMkvvodRfGDkVN27lFe3Q,0.0,0.0,0.14382721381428254
576,Yellow character gameplay,/channel/UCymWBXiV4f_N-_xPgwmpEQA,0.0,0.0,0.06404241127893318
577,노력왕먼치,/channel/UCQfISxq5legTqOt1h1us6lg,0.0,0.0,0.4976835984182344
578,임요환,/channel/UCbGzoa8xSdjr-B3UdI06yPA,2.4466697444343783e-05,0.9450534184773765,0.5944234445936756
579,가재맨,/channel/UCnkytUgy0CtWd06up9CjNxg,0.0001560000525517223,0.9979198064122882,0.37790106144757374
580,김채호의 필름찢기,/channel/UCNbUh4ETUOSNq0HMMVjhieQ,1.7841746739577502e-05,0.9999761581420898,2.5669733683231225e-05
581,제독신ParkJunHyo,/channel/UCqpW5qIRfLkgnYtpe59Fapw,0.0,0.0,0.14358752315508486
582,얍얍,/channel/UCnb4EuP3C0dxeika3b-bnXA,2.668311201757336e-05,0.9998583878789632,0.11197792384258977
583,주간신보석,/channel/UCY5Xbo2lSFqdDQGZJTXfFZA,0.9992938041687012,0.0004526767006609589,0.13574349464761326
584,YESOON,/channel/UCQEvlqmTcqU6SbjNhsft2wg,0.0,0.0,5.7697296142578125e-05
585,코뚱잉,/channel/UC4q2QOe3Ht73lVO-31JnkQQ,0.00010097206541104242,0.9997336268424988,0.17616631872887312
586,게임넛 GAMENUT,/channel/UCMru5gvumXqykoro-yDwQCw,2.373364804952871e-05,0.9999715089797974,6.273587544758374e-05
587,성주로운 게임생활,/channel/UCfo5uQjcvpD7M3V29pgINnA,0.0,0.0,-1.0
588,이문주,/channel/UCfdLDnGcRM3okEOtocWNHuQ,2.2552849259227514e-05,0.9889820218086244,0.04840351343154903
589,주보리 JooBoRi,/channel/UCRkwhAO2CKNXPcFXAMfn0ng,1.2003632946289144e-05,0.9999810457229614,0.18713068284705514
590,설레임 TV,/channel/UC-sn1taSI0CEWg8n4M7WDMQ,0.00014319434922072105,0.9981800019741058,4.9964948134029186e-05
591,플이,/channel/UCMmlqTsmThrRulFDlyhIUsw,0.0,0.0,0.02995886585929175
592,코지CoZy,/channel/UC7bDvA98eXIUiLMwXPfdF2Q,0.0,0.0,0.00026585658391320427
593,LEE&lee리앤리,/channel/UCaxgabcQh_tiPIcZfOS8zXg,0.0,0.0,-1.0
594,OCK CLAY,/channel/UCBdRqVCFEAuJnfnHTW3RMPQ,0.0010853086810129753,0.9622887223958968,0.1954271376499409
595,수학자,/channel/UC7Mc5ssSVpWzqH9mlRGEEAg,0.0,0.0,0.0930236428976059
596,싸패TV,/channel/UCfycsfXKilVd-EBL9VC8RGA,0.00011711664410540835,0.8561690449714661,0.2558851178354499
597,Sun,/channel/UCCILo-Qu-OMAb1zpzDa6B3A,0.0,0.0,0.11998628292764925
598,도멘TV [DOTUBE],/channel/UCFHUplScMiWTjJrtv4hxWmg,3.782067930539293e-05,0.9967801968256632,0.6781903188539039
599,에프람,/channel/UCVgTydj9KUfDm_qmXPtx0FA,0.0,0.0,0.4005337959744793
600,금융인 강은호,/channel/UC9pCNmC-Ovq2sRfHIwLDuIg,0.0,0.0,-1.0
601,dragonvillage_official,/channel/UC6g-3ON3MpaiUuxBg25CZAg,0.0,0.0,-1.0
602,로자르TV,/channel/UCuwnt_REmD4YsCtFJRoqjFw,0.0,0.0,-1.0
603,고래쉬,/channel/UCCWcDTQwUzYxxQNxP17F-Rw,0.0,0.0,-1.0
604,신성조,/channel/UCNCZoEdHHuF76DZ78IBJvlQ,0.0,0.0,-1.0
605,새루 유튜브/SaeRu YouTube,/channel/UCzZepWSPs2VCpCirB3zGgtw,0.0,0.0,-1.0
606,BJ섭이 FIFA4 S2 Korea,/channel/UCKd2rI7xVJm86kav7okWC6A,0.0,0.0,-1.0
607,랑께님,/channel/UCkye8NKh9-zmsi466P_stcA,0.0,0.0,-1.0
608,요루루유튜브,/channel/UCXCa03lRK6tlntZoJ7TUWRw,0.0,0.0,-1.0
609,다누리,/channel/UCtcw3t27H9qFwcdAujrDEyQ,0.0,0.0,-1.0
610,연두부 YouTube,/channel/UCmOmhm_p0UEwcPkAmotX8RQ,0.0,0.0,-1.0
611,MGTV,/channel/UCKymUugOQ8dkT7dZ4KmK_3g,0.0,0.0,-1.0
612,살타 Salta,/channel/UCsbo5VemDR505Etd5ZKnWNA,0.0,0.0,-1.0
613,YunMot,/channel/UCWtPonhrTEf25p9nONwBwYQ,0.0,0.0,-1.0
614,솜사탕,/channel/UClfxB3OFyNkolbCEXp-5v1w,0.0,0.0,-1.0
615,초승달,/channel/UCxx7UvIhPkEQxaplaWS2hLg,0.0,0.0,-1.0
616,신속,/channel/UC0hk2D145ogyBYMKjylWkkw,0.0,0.0,-1.0
617,허블렛TV,/channel/UCJriMiQFo5023wkc2hWaiuA,0.0,0.0,-1.0
618,에어비스,/channel/UCXybGky1c_63xzXFzI0eU8A,0.0,0.0,-1.0
619,Nizzotch,/channel/UC3XJRyvLD7rvsVFCFS1IX0A,0.0,0.0,-1.0
620,MapleStory_KR,/channel/UCU_hKD03cUTCvnOJpEmKvCg,0.0,0.0,-1.0
621,김승희 KIMSEUNGHEE,/channel/UCPZkUGXQrWKqWFCfDMaZxhA,0.0,0.0,-1.0
622,나이스게임TV,/channel/UCVR8eG4I5Fies8NQFWF-KsA,0.0,0.0,-1.0
623,만취한 오박사 Drunk Oak,/channel/UC0iFX-aClxo7TM6fE8K0duQ,0.0,0.0,-1.0
624,라이너TV,/channel/UCqgRbodod44OjLp9tqpgkPw,0.0,0.0,-1.0
625,항심,/channel/UCX1s-RbSfskDNPnrwH3GvKQ,0.0,0.0,-1.0
626,주식회사 중계진,/channel/UCNymqCXr3sxL8dnmO_jScuA,0.0,0.0,-1.0
627,카오,/channel/UCXkY64Z4UW9XEluhplCJafQ,0.0,0.0,-1.0
628,中譯版今日韓服精華,/channel/UCLrMXBAgIPbOPR0h_6xWVrA,0.0,0.0,-1.0
629,Play with Toy,/channel/UChvR-r6dtgPkXhY4rvPgq2A,0.0,0.0,0.3333293051746297
630,프로즈,/channel/UCww3MeqGQnIatVvEr3pSjhA,0.0,0.0,-1.0
631,ROBLOX 해달선,/channel/UCwqLV5Xndjm4Wztk-c7IMjQ,0.0,0.0,-1.0
632,김기열,/channel/UCf8xJL-CznwfW7W2LO3y_EQ,0.0,0.0,-1.0
633,사이,/channel/UCqEoc6yuYRg5CFG4NIG8euQ,0.0,0.0,-1.0
634,닼발DACKBAL,/channel/UCQIx6hvYi2eurTCAum1HNyQ,0.0,0.0,-1.0
635,축덕,/channel/UCj1Q64mwSIbGSJXZjhuAnLQ,0.0,0.0,-1.0
636,Polypuff,/channel/UC0aFOAetT4Hur0qmOnmmbBA,0.0,0.0,-1.0
637,정윤종,/channel/UCGyIKWpa4cbKJQIc2hNmVJA,0.0,0.0,-1.0
638,코태(Kotae),/channel/UCJFkH0p-M4_WEaHvLqWnkIg,0.0,0.0,-1.0
639,LinkTrader,/channel/UC8JzTlzwWkbyQuXaYDb00nA,0.0,0.0,-1.0
640,눈가루,/channel/UCAXuZuWLv9oLq6SEXnOppNA,0.0,0.0,-1.0
